,0
0,https://jobs.51job.com/beijing/112511993.html?s=01&t=0
1,https://jobs.51job.com/beijing-cyq/109291113.html?s=01&t=0
2,https://jobs.51job.com/beijing/112234837.html?s=01&t=0
3,https://jobs.51job.com/beijing-dcq/112850629.html?s=01&t=0
4,https://jobs.51job.com/beijing/104435600.html?s=01&t=0
5,https://jobs.51job.com/beijing-cpq/110623935.html?s=01&t=0
6,https://jobs.51job.com/beijing-hdq/110381563.html?s=01&t=0
7,https://jobs.51job.com/beijing/110102989.html?s=01&t=0
8,http://career.h3c.com/sc/show_job_detail.php?jobid=102613818
9,https://jobs.51job.com/beijing/112168572.html?s=01&t=0
10,https://jobs.51job.com/beijing-cyq/112974120.html?s=01&t=0
11,https://jobs.51job.com/beijing/112750349.html?s=01&t=0
12,https://jobs.51job.com/beijing-hdq/112238380.html?s=01&t=0
13,https://jobs.51job.com/beijing-dxq/112664932.html?s=01&t=0
14,https://jobs.51job.com/beijing-cyq/112642059.html?s=01&t=0
15,https://jobs.51job.com/beijing-xcq/111993942.html?s=01&t=0
16,https://jobs.51job.com/beijing-hdq/91394309.html?s=01&t=0
17,http://skyworth.51job.com/sc/show_job_detail.php?jobid=109466900
18,http://evp.51job.com/ccbfintech/job/index.html?jobid=111757018
19,https://jobs.51job.com/beijing-hdq/109108502.html?s=01&t=0
20,https://jobs.51job.com/beijing-hdq/111380239.html?s=01&t=0
21,http://evp.51job.com/ccbfintech/job/index.html?jobid=110731645
22,https://jobs.51job.com/beijing-xcq/111276787.html?s=01&t=0
23,https://jobs.51job.com/beijing-cyq/100133804.html?s=01&t=0
24,https://jobs.51job.com/beijing/108652311.html?s=01&t=0
25,https://jobs.51job.com/beijing/112995424.html?s=01&t=0
26,https://jobs.51job.com/beijing/112704436.html?s=01&t=0
27,https://jobs.51job.com/beijing-hdq/109648707.html?s=01&t=0
28,http://pingan.51job.com/sc/show_job_detail.php?jobid=113039072
29,https://jobs.51job.com/beijing/109399410.html?s=01&t=0
30,https://jobs.51job.com/beijing-cyq/109290675.html?s=01&t=0
31,https://jobs.51job.com/beijing/112242195.html?s=01&t=0
32,https://jobs.51job.com/shanghai-pdxq/111407473.html?s=01&t=0
33,https://jobs.51job.com/beijing/110110562.html?s=01&t=0
34,https://jobs.51job.com/beijing/107178089.html?s=01&t=0
35,https://jobs.51job.com/beijing/106171277.html?s=01&t=0
36,https://jobs.51job.com/beijing/106171211.html?s=01&t=0
37,https://jobs.51job.com/beijing/106171110.html?s=01&t=0
38,https://jobs.51job.com/beijing/106168198.html?s=01&t=0
39,https://jobs.51job.com/beijing/106167945.html?s=01&t=0
40,https://jobs.51job.com/beijing/112318394.html?s=01&t=0
41,https://jobs.51job.com/beijing/112694326.html?s=01&t=0
42,https://jobs.51job.com/beijing-cyq/111674038.html?s=01&t=0
43,https://jobs.51job.com/beijing/98056858.html?s=01&t=0
44,https://jobs.51job.com/beijing/106976347.html?s=01&t=0
45,https://jobs.51job.com/beijing/107590019.html?s=01&t=0
46,https://jobs.51job.com/beijing/110046089.html?s=01&t=0
47,https://jobs.51job.com/beijing/111660319.html?s=01&t=0
48,https://jobs.51job.com/beijing/111544592.html?s=01&t=0
49,https://jobs.51job.com/beijing/111910979.html?s=01&t=0
50,https://jobs.51job.com/beijing/112173648.html?s=01&t=0
51,https://jobs.51job.com/beijing/112223352.html?s=01&t=0
52,https://jobs.51job.com/beijing/112234830.html?s=01&t=0
53,https://jobs.51job.com/beijing/112242198.html?s=01&t=0
54,https://jobs.51job.com/beijing/112226256.html?s=01&t=0
55,https://jobs.51job.com/beijing/112460925.html?s=01&t=0
56,https://jobs.51job.com/beijing/112496320.html?s=01&t=0
57,https://jobs.51job.com/beijing/112918778.html?s=01&t=0
58,http://career.h3c.com/sc/show_job_detail.php?jobid=104229980
59,https://jobs.51job.com/beijing/112408708.html?s=01&t=0
60,https://jobs.51job.com/beijing/112408725.html?s=01&t=0
61,https://jobs.51job.com/beijing/112786307.html?s=01&t=0
62,https://jobs.51job.com/beijing/112737237.html?s=01&t=0
63,https://jobs.51job.com/beijing/112963099.html?s=01&t=0
64,https://jobs.51job.com/beijing/112963097.html?s=01&t=0
65,https://jobs.51job.com/beijing-cyq/112974042.html?s=01&t=0
66,https://jobs.51job.com/beijing-cyq/112973892.html?s=01&t=0
67,https://jobs.51job.com/beijing/112642587.html?s=01&t=0
68,https://jobs.51job.com/beijing/112096119.html?s=01&t=0
69,https://jobs.51job.com/beijing/111615683.html?s=01&t=0
70,https://jobs.51job.com/beijing/111615682.html?s=01&t=0
71,https://jobs.51job.com/beijing/110529676.html?s=01&t=0
72,https://jobs.51job.com/beijing/110438577.html?s=01&t=0
73,https://jobs.51job.com/beijing/110286963.html?s=01&t=0
74,https://jobs.51job.com/beijing/109955471.html?s=01&t=0
75,https://jobs.51job.com/beijing/109694292.html?s=01&t=0
76,https://jobs.51job.com/beijing/109694287.html?s=01&t=0
77,https://jobs.51job.com/beijing/109415489.html?s=01&t=0
78,https://jobs.51job.com/beijing/109257789.html?s=01&t=0
79,https://jobs.51job.com/beijing/109257787.html?s=01&t=0
80,https://jobs.51job.com/beijing/108988381.html?s=01&t=0
81,https://jobs.51job.com/beijing/108988380.html?s=01&t=0
82,https://jobs.51job.com/beijing/108923629.html?s=01&t=0
83,https://jobs.51job.com/beijing/108474632.html?s=01&t=0
84,https://jobs.51job.com/beijing/108474629.html?s=01&t=0
85,https://jobs.51job.com/beijing/108002321.html?s=01&t=0
86,https://jobs.51job.com/beijing/107129560.html?s=01&t=0
87,https://jobs.51job.com/beijing/105082882.html?s=01&t=0
88,https://jobs.51job.com/beijing/104917900.html?s=01&t=0
89,https://jobs.51job.com/beijing/104723016.html?s=01&t=0
90,https://jobs.51job.com/beijing/104621665.html?s=01&t=0
91,https://jobs.51job.com/beijing/104618786.html?s=01&t=0
92,https://jobs.51job.com/beijing/104618785.html?s=01&t=0
93,https://jobs.51job.com/beijing/103439217.html?s=01&t=0
94,https://jobs.51job.com/beijing/103439121.html?s=01&t=0
95,https://jobs.51job.com/beijing/110708540.html?s=01&t=0
96,https://jobs.51job.com/beijing/110708460.html?s=01&t=0
